insert into Department (Deptid, DeptName) values (1, 'Accounting');
insert into Department (Deptid, DeptName) values (2, 'Sales');
insert into Department (Deptid, DeptName) values (3, 'Marketing');
insert into Department (Deptid, DeptName) values (4, 'Human Resources');
insert into Department (Deptid, DeptName) values (5, 'Customer Service');
insert into Department (Deptid, DeptName) values (6, 'IT');
insert into Department (Deptid, DeptName) values (7, 'Finance');
insert into Department (Deptid, DeptName) values (8, 'Production');
insert into Department (Deptid, DeptName) values (9, 'Shipment');

insert into Employee (EmpId, EmpName, MgrId, DeptId, MonthlyPayScale, WorkCity, BirthDate, JoinDate) values (1, 'Frances Ellis', null, 5, 7550, 'Tokyo', '1983-07-04', '2014-11-01');
insert into Employee (EmpId, EmpName, MgrId, DeptId, MonthlyPayScale, WorkCity, BirthDate, JoinDate) values (2, 'Emily Austin', null, 6, 1992, 'Montreal', '1956-10-22', '2001-12-01');
insert into Employee (EmpId, EmpName, MgrId, DeptId, MonthlyPayScale, WorkCity, BirthDate, JoinDate) values (3, 'Thomas McCarthy', null, 7, 3376, 'Paris', '1994-03-28', '2012-08-01');
insert into Employee (EmpId, EmpName, MgrId, DeptId, MonthlyPayScale, WorkCity, BirthDate, JoinDate) values (4, 'Fred Thomas', 3, 5, 9278, 'Sao Paulo', '1980-06-10', '2010-02-01');
insert into Employee (EmpId, EmpName, MgrId, DeptId, MonthlyPayScale, WorkCity, BirthDate, JoinDate) values (5, 'Earl Morris', null, 4, 6115, 'Mexico City', '1994-09-23', '2002-09-01');
insert into Employee (EmpId, EmpName, MgrId, DeptId, MonthlyPayScale, WorkCity, BirthDate, JoinDate) values (6, 'Ryan Day', 1, 6, 1069, 'New York', '1990-09-06', '2005-04-01');
insert into Employee (EmpId, EmpName, MgrId, DeptId, MonthlyPayScale, WorkCity, BirthDate, JoinDate) values (7, 'Douglas Castillo', 2, 4, 7525, null, '1967-09-05', '2010-06-01');
insert into Employee (EmpId, EmpName, MgrId, DeptId, MonthlyPayScale, WorkCity, BirthDate, JoinDate) values (8, 'Theresa Cunningham', 1, 3, 1062, null, '1963-05-11', '2013-05-01');
insert into Employee (EmpId, EmpName, MgrId, DeptId, MonthlyPayScale, WorkCity, BirthDate, JoinDate) values (9, 'Stephanie Hughes', 2, 1, 1116, null, '1954-11-05', '2013-12-01');
insert into Employee (EmpId, EmpName, MgrId, DeptId, MonthlyPayScale, WorkCity, BirthDate, JoinDate) values (10, 'Jane Sanchez', null, 5, 6891, 'Phoenix', '1981-05-10', '2015-07-01');
insert into Employee (EmpId, EmpName, MgrId, DeptId, MonthlyPayScale, WorkCity, BirthDate, JoinDate) values (11, 'Kathy Hill', null, 5, 2322, null, '1955-12-05', '2006-01-01');
insert into Employee (EmpId, EmpName, MgrId, DeptId, MonthlyPayScale, WorkCity, BirthDate, JoinDate) values (12, 'Deborah Ryan', 3, 2, 1632, null, '1984-10-30', '2009-10-01');
insert into Employee (EmpId, EmpName, MgrId, DeptId, MonthlyPayScale, WorkCity, BirthDate, JoinDate) values (13, 'Thomas Harrison', null, 3, 9249, null, '1984-02-15', '2012-11-01');
insert into Employee (EmpId, EmpName, MgrId, DeptId, MonthlyPayScale, WorkCity, BirthDate, JoinDate) values (14, 'Stephen Thompson', 3, 4, 7139, null, '1956-11-15', '2001-03-01');
insert into Employee (EmpId, EmpName, MgrId, DeptId, MonthlyPayScale, WorkCity, BirthDate, JoinDate) values (15, 'Ruby Holmes', 1, 4, 1072, null, '1987-05-30', '2001-04-01');
insert into Employee (EmpId, EmpName, MgrId, DeptId, MonthlyPayScale, WorkCity, BirthDate, JoinDate) values (16, 'Antonio James', 2, 3, 2580, 'Toronto', '1995-07-02', '2002-04-01');
insert into Employee (EmpId, EmpName, MgrId, DeptId, MonthlyPayScale, WorkCity, BirthDate, JoinDate) values (17, 'Phyllis Wood', 2, 4, 1213, 'Zurich', '1990-02-01', '2012-11-01');
insert into Employee (EmpId, EmpName, MgrId, DeptId, MonthlyPayScale, WorkCity, BirthDate, JoinDate) values (18, 'Gerald Price', 1, 5, 9775, null, '1968-08-15', '2015-02-01');
insert into Employee (EmpId, EmpName, MgrId, DeptId, MonthlyPayScale, WorkCity, BirthDate, JoinDate) values (19, 'Ryan Lopez', 1, 4, 2441, 'Toronto', '1965-09-28', '2003-05-01');
insert into Employee (EmpId, EmpName, MgrId, DeptId, MonthlyPayScale, WorkCity, BirthDate, JoinDate) values (20, 'Ernest Lane', 3, 3, 8809, 'Mexico City', '1964-12-24', '2009-06-01');
insert into Employee (EmpId, EmpName, MgrId, DeptId, MonthlyPayScale, WorkCity, BirthDate, JoinDate) values (21, 'Clarence Hayes', 3, 1, 1999, 'New York', '1965-04-17', '2011-09-01');
insert into Employee (EmpId, EmpName, MgrId, DeptId, MonthlyPayScale, WorkCity, BirthDate, JoinDate) values (22, 'Gary Alvarez', 2, 4, 3953, 'Tokyo', '1962-11-06', '2006-02-01');
insert into Employee (EmpId, EmpName, MgrId, DeptId, MonthlyPayScale, WorkCity, BirthDate, JoinDate) values (23, 'Ronald Dunn', 1, 6, 8209, 'Montreal', '1962-03-30', '2006-07-01');
insert into Employee (EmpId, EmpName, MgrId, DeptId, MonthlyPayScale, WorkCity, BirthDate, JoinDate) values (24, 'Julia Simpson', 3, 1, 7310, 'Paris', '1967-08-01', '2016-01-01');
insert into Employee (EmpId, EmpName, MgrId, DeptId, MonthlyPayScale, WorkCity, BirthDate, JoinDate) values (25, 'Harry Perez', 1, 3, 2646, null, '1975-07-28', '2002-03-01');
insert into Employee (EmpId, EmpName, MgrId, DeptId, MonthlyPayScale, WorkCity, BirthDate, JoinDate) values (26, 'Bonnie Henderson', 1, 4, 5997, null, '1992-11-04', '2008-04-01');
insert into Employee (EmpId, EmpName, MgrId, DeptId, MonthlyPayScale, WorkCity, BirthDate, JoinDate) values (27, 'Lawrence Boyd', 2, 2, 9914, 'New York', '1953-12-02', '2015-04-01');
insert into Employee (EmpId, EmpName, MgrId, DeptId, MonthlyPayScale, WorkCity, BirthDate, JoinDate) values (28, 'Jesse Howell', 3, 3, 8923, 'Paris', '1981-11-22', '2013-09-01');
insert into Employee (EmpId, EmpName, MgrId, DeptId, MonthlyPayScale, WorkCity, BirthDate, JoinDate) values (29, 'Jeffrey Patterson', null, 4, 3321, 'Montreal', '1952-10-27', '2012-04-01');
insert into Employee (EmpId, EmpName, MgrId, DeptId, MonthlyPayScale, WorkCity, BirthDate, JoinDate) values (30, 'Steve Hill', 1, 5, 2651, 'Mexico City', '1959-04-24', '2009-05-01');
insert into Employee (EmpId, EmpName, MgrId, DeptId, MonthlyPayScale, WorkCity, BirthDate, JoinDate) values (31, 'Jason Webb', 3, 5, 9771, 'Mexico City', '1976-04-10', '2000-03-01');
insert into Employee (EmpId, EmpName, MgrId, DeptId, MonthlyPayScale, WorkCity, BirthDate, JoinDate) values (32, 'Gloria Carr', 3, 6, 4954, 'Zurich', '1982-04-05', '2012-03-01');
insert into Employee (EmpId, EmpName, MgrId, DeptId, MonthlyPayScale, WorkCity, BirthDate, JoinDate) values (33, 'Jesse Ward', 1, 6, 6442, null, '1984-06-22', '2003-06-01');
insert into Employee (EmpId, EmpName, MgrId, DeptId, MonthlyPayScale, WorkCity, BirthDate, JoinDate) values (34, 'Cynthia King', 3, 4, 5972, null, '1987-09-26', '2005-06-01');
insert into Employee (EmpId, EmpName, MgrId, DeptId, MonthlyPayScale, WorkCity, BirthDate, JoinDate) values (35, 'Frances Mccoy', 2, 6, 2768, null, '1973-07-02', '2000-05-01');
insert into Employee (EmpId, EmpName, MgrId, DeptId, MonthlyPayScale, WorkCity, BirthDate, JoinDate) values (36, 'Jesse Arnold', null, 6, 2243, 'Montreal', '1993-03-30', '2006-01-01');
insert into Employee (EmpId, EmpName, MgrId, DeptId, MonthlyPayScale, WorkCity, BirthDate, JoinDate) values (37, 'Henry Perry', 2, 3, 8610, null, '1990-08-06', '2002-04-01');
insert into Employee (EmpId, EmpName, MgrId, DeptId, MonthlyPayScale, WorkCity, BirthDate, JoinDate) values (38, 'Earl Parker', 2, 8, 1600, 'New York', '1984-05-19', '2009-01-01');
insert into Employee (EmpId, EmpName, MgrId, DeptId, MonthlyPayScale, WorkCity, BirthDate, JoinDate) values (39, 'Gary Smith', null, 3, 3756, null, '1995-02-24', '2004-05-01');
insert into Employee (EmpId, EmpName, MgrId, DeptId, MonthlyPayScale, WorkCity, BirthDate, JoinDate) values (40, 'Alan Wagner', 1, 1, 5847, null, '1966-03-17', '2010-03-01');
insert into Employee (EmpId, EmpName, MgrId, DeptId, MonthlyPayScale, WorkCity, BirthDate, JoinDate) values (41, 'Lawrence Ray', 3, 1, 9914, 'Los Angeles', '1983-07-31', '2007-08-01');
insert into Employee (EmpId, EmpName, MgrId, DeptId, MonthlyPayScale, WorkCity, BirthDate, JoinDate) values (42, 'Cynthia Vasquez', 2, 1, 2058, 'New York', '1993-03-08', '2008-05-01');
insert into Employee (EmpId, EmpName, MgrId, DeptId, MonthlyPayScale, WorkCity, BirthDate, JoinDate) values (43, 'Carlos Thomas', 2, 6, 9419, null, '1982-07-16', '2016-01-01');
insert into Employee (EmpId, EmpName, MgrId, DeptId, MonthlyPayScale, WorkCity, BirthDate, JoinDate) values (44, 'Larry King', null, 3, 3642, 'Toronto', '1955-06-13', '2002-04-01');
insert into Employee (EmpId, EmpName, MgrId, DeptId, MonthlyPayScale, WorkCity, BirthDate, JoinDate) values (45, 'Douglas Fuller', 3, 4, 3810, 'Mexico City', '1967-11-07', '2006-09-01');
insert into Employee (EmpId, EmpName, MgrId, DeptId, MonthlyPayScale, WorkCity, BirthDate, JoinDate) values (46, 'Jeffrey Arnold', 2, 5, 5618, 'New York', '1956-07-06', '2004-09-01');
insert into Employee (EmpId, EmpName, MgrId, DeptId, MonthlyPayScale, WorkCity, BirthDate, JoinDate) values (47, 'Kathryn Mccoy', null, 3, 9027, null, '1970-04-18', '2002-07-01');
insert into Employee (EmpId, EmpName, MgrId, DeptId, MonthlyPayScale, WorkCity, BirthDate, JoinDate) values (48, 'Fred Martinez', 3, 6, 6961, 'Los Angeles', '1950-11-08', '2013-03-01');
insert into Employee (EmpId, EmpName, MgrId, DeptId, MonthlyPayScale, WorkCity, BirthDate, JoinDate) values (49, 'George Burke', 2, 3, 1304, 'Toronto', '1969-11-29', '2001-09-01');
insert into Employee (EmpId, EmpName, MgrId, DeptId, MonthlyPayScale, WorkCity, BirthDate, JoinDate) values (50, 'Bobby Fernandez', 2, 3, 4066, 'Paris', '1980-09-18', '2001-10-01');
insert into Employee (EmpId, EmpName, MgrId, DeptId, MonthlyPayScale, WorkCity, BirthDate, JoinDate) values (51, 'Kevin Bridwell', 3, 7, 2000, null, '1992-02-01', '2004-11-01');
insert into Employee (EmpId, EmpName, MgrId, DeptId, MonthlyPayScale, WorkCity, BirthDate, JoinDate) values (52, 'Jorda Quan', 3, 4, 2000, null, '1991-02-10', '2004-11-01');
insert into Employee (EmpId, EmpName, MgrId, DeptId, MonthlyPayScale, WorkCity, BirthDate, JoinDate) values (53, 'Jeffrey Smith', 2, 5, 5618, 'New York', '1956-07-06', '2004-09-01');
insert into Employee (EmpId, EmpName, MgrId, DeptId, MonthlyPayScale, WorkCity, BirthDate, JoinDate) values (54, 'Kathryn Martinez', null, 3, 9027, null, '1970-04-18', '2002-07-01');
insert into Employee (EmpId, EmpName, MgrId, DeptId, MonthlyPayScale, WorkCity, BirthDate, JoinDate) values (55, 'Fred Mccoy', 3, 7, 6961, 'Vancouver', '1950-11-08', '2013-03-01');
insert into Employee (EmpId, EmpName, MgrId, DeptId, MonthlyPayScale, WorkCity, BirthDate, JoinDate) values (56, 'George Boyd', 2, 3, 1304, 'Vancouver', '1969-11-29', '2001-09-01');
insert into Employee (EmpId, EmpName, MgrId, DeptId, MonthlyPayScale, WorkCity, BirthDate, JoinDate) values (57, 'Bobby Bridwell', 2, 7, 4066, 'Vancouver', '1980-09-18', '2001-10-01');
insert into Employee (EmpId, EmpName, MgrId, DeptId, MonthlyPayScale, WorkCity, BirthDate, JoinDate) values (58, 'Harry Potter', 3, 7, 2000, null, '1992-02-01', '2004-11-01');
insert into Employee (EmpId, EmpName, MgrId, DeptId, MonthlyPayScale, WorkCity, BirthDate, JoinDate) values (59, 'Julia Webb', 3, 4, 2000, 'Montreal', '1991-02-10', '2004-11-01');
insert into Employee (EmpId, EmpName, MgrId, DeptId, MonthlyPayScale, WorkCity, BirthDate, JoinDate) values (60, 'Fred Mccoy', 3, 7, 540, 'Montreal', '1950-11-08', '2013-03-01');
insert into Employee (EmpId, EmpName, MgrId, DeptId, MonthlyPayScale, WorkCity, BirthDate, JoinDate) values (61, 'Kevin Smith', 3, 1, 5618, 'Montreal', '1956-07-06', '2004-09-01');
insert into Employee (EmpId, EmpName, MgrId, DeptId, MonthlyPayScale, WorkCity, BirthDate, JoinDate) values (62, 'Kathryn Potter', 3, 3, 9027, 'Toronto', '1970-04-18', '2002-07-01');
insert into Employee (EmpId, EmpName, MgrId, DeptId, MonthlyPayScale, WorkCity, BirthDate, JoinDate) values (63, 'Fred McDonalds', 3, 7, 6961, 'Toronto', '1950-11-08', '2013-03-01');
insert into Employee (EmpId, EmpName, MgrId, DeptId, MonthlyPayScale, WorkCity, BirthDate, JoinDate) values (64, 'Patrick Boyd', 3, 3, 1304, 'Toronto', '1969-11-29', '2001-09-01');
insert into Employee (EmpId, EmpName, MgrId, DeptId, MonthlyPayScale, WorkCity, BirthDate, JoinDate) values (65, 'Bobby Bridwell', 3, 7, 4066, 'Toronto', '1980-09-18', '2001-10-01');
insert into Employee (EmpId, EmpName, MgrId, DeptId, MonthlyPayScale, WorkCity, BirthDate, JoinDate) values (66, 'Harry Harris', 3, 7, 2000, null, '1992-02-01', '2004-11-01');
insert into Employee (EmpId, EmpName, MgrId, DeptId, MonthlyPayScale, WorkCity, BirthDate, JoinDate) values (67, 'Nickolas Webb', 3, 4, 2000, null, '1991-02-10', '2004-11-01');
insert into Employee (EmpId, EmpName, MgrId, DeptId, MonthlyPayScale, WorkCity, BirthDate, JoinDate) values (68, 'Fred Mccoy', 3, 7, 540, 'Toronto', '1950-11-08', '2013-03-01');
insert into Employee (EmpId, EmpName, MgrId, DeptId, MonthlyPayScale, WorkCity, BirthDate, JoinDate) values (69, 'Nikolina Smith', null, 3, 5400, null, '1950-11-08', '2013-03-01');

insert into Commission (EmpId, CommDate, CommAmount) values (1, '2016-02-21', 3759);
insert into Commission (EmpId, CommDate, CommAmount) values (12, '2004-09-18', 2529);
insert into Commission (EmpId, CommDate, CommAmount) values (28, '2008-12-05', 1233);
insert into Commission (EmpId, CommDate, CommAmount) values (30, '2002-07-09', 484);
insert into Commission (EmpId, CommDate, CommAmount) values (9, '2011-01-26', 1772);
insert into Commission (EmpId, CommDate, CommAmount) values (26, '2000-10-30', 4073);
insert into Commission (EmpId, CommDate, CommAmount) values (37, '2010-05-04', 2598);
insert into Commission (EmpId, CommDate, CommAmount) values (30, '2003-08-05', 4951);
insert into Commission (EmpId, CommDate, CommAmount) values (47, '2007-11-06', 4220);
insert into Commission (EmpId, CommDate, CommAmount) values (3, '2012-12-16', 1485);
insert into Commission (EmpId, CommDate, CommAmount) values (5, '2012-07-11', 1947);
insert into Commission (EmpId, CommDate, CommAmount) values (26, '2014-10-19', 2238);
insert into Commission (EmpId, CommDate, CommAmount) values (27, '2010-06-14', 4085);
insert into Commission (EmpId, CommDate, CommAmount) values (20, '2008-07-30', 4264);
insert into Commission (EmpId, CommDate, CommAmount) values (13, '2004-04-07', 738);
insert into Commission (EmpId, CommDate, CommAmount) values (17, '2016-01-06', 1676);
insert into Commission (EmpId, CommDate, CommAmount) values (47, '2007-12-27', 1449);
insert into Commission (EmpId, CommDate, CommAmount) values (46, '2000-10-01', 4232);
insert into Commission (EmpId, CommDate, CommAmount) values (16, '2009-06-28', 4866);
insert into Commission (EmpId, CommDate, CommAmount) values (18, '2015-10-24', 1723);
insert into Commission (EmpId, CommDate, CommAmount) values (21, '2013-11-30', 4404);
insert into Commission (EmpId, CommDate, CommAmount) values (44, '2000-10-20', 2340);
insert into Commission (EmpId, CommDate, CommAmount) values (17, '2000-08-01', 1485);
insert into Commission (EmpId, CommDate, CommAmount) values (4, '2010-03-10', 1988);
insert into Commission (EmpId, CommDate, CommAmount) values (37, '2001-11-28', 2483);
insert into Commission (EmpId, CommDate, CommAmount) values (36, '2003-11-12', 1842);
insert into Commission (EmpId, CommDate, CommAmount) values (2, '2015-05-11', 4767);
insert into Commission (EmpId, CommDate, CommAmount) values (11, '2003-08-23', 4302);
insert into Commission (EmpId, CommDate, CommAmount) values (43, '2003-05-12', 4071);
insert into Commission (EmpId, CommDate, CommAmount) values (47, '2006-12-30', 2945);
insert into Commission (EmpId, CommDate, CommAmount) values (31, '2013-09-27', 1729);
insert into Commission (EmpId, CommDate, CommAmount) values (9, '2005-08-26', 4110);
insert into Commission (EmpId, CommDate, CommAmount) values (22, '2001-08-14', 1773);
insert into Commission (EmpId, CommDate, CommAmount) values (46, '2015-11-19', 652);
insert into Commission (EmpId, CommDate, CommAmount) values (44, '2002-11-21', 4266);
insert into Commission (EmpId, CommDate, CommAmount) values (42, '2006-05-25', 1514);
insert into Commission (EmpId, CommDate, CommAmount) values (27, '2010-01-08', 3214);
insert into Commission (EmpId, CommDate, CommAmount) values (49, '2014-11-12', 4081);
insert into Commission (EmpId, CommDate, CommAmount) values (31, '2011-12-24', 3339);
insert into Commission (EmpId, CommDate, CommAmount) values (37, '2009-12-14', 1794);
insert into Commission (EmpId, CommDate, CommAmount) values (25, '2000-08-24', 4361);
insert into Commission (EmpId, CommDate, CommAmount) values (26, '2007-09-13', 1818);
insert into Commission (EmpId, CommDate, CommAmount) values (23, '2001-06-10', 4031);
insert into Commission (EmpId, CommDate, CommAmount) values (32, '2005-06-30', 2991);
insert into Commission (EmpId, CommDate, CommAmount) values (50, '2008-08-18', 3816);
insert into Commission (EmpId, CommDate, CommAmount) values (3, '2015-11-23', 4473);
insert into Commission (EmpId, CommDate, CommAmount) values (30, '2015-02-26', 2066);
insert into Commission (EmpId, CommDate, CommAmount) values (29, '2001-03-09', 1085);
insert into Commission (EmpId, CommDate, CommAmount) values (20, '2000-01-20', 1825);
insert into Commission (EmpId, CommDate, CommAmount) values (13, '2004-01-10', 1765);
insert into Commission (EmpId, CommDate, CommAmount) values (46, '2011-05-15', 939);
insert into Commission (EmpId, CommDate, CommAmount) values (43, '2005-11-12', 2947);
insert into Commission (EmpId, CommDate, CommAmount) values (10, '2014-10-30', 4616);
insert into Commission (EmpId, CommDate, CommAmount) values (38, '2000-10-12', 4828);
insert into Commission (EmpId, CommDate, CommAmount) values (27, '2013-08-06', 1493);
insert into Commission (EmpId, CommDate, CommAmount) values (44, '2009-01-01', 4192);
insert into Commission (EmpId, CommDate, CommAmount) values (39, '2003-09-02', 742);
insert into Commission (EmpId, CommDate, CommAmount) values (7, '2009-04-14', 3683);
insert into Commission (EmpId, CommDate, CommAmount) values (13, '2012-03-15', 934);
insert into Commission (EmpId, CommDate, CommAmount) values (38, '2001-04-22', 405);
insert into Commission (EmpId, CommDate, CommAmount) values (21, '2015-08-01', 1334);
insert into Commission (EmpId, CommDate, CommAmount) values (21, '2015-08-06', 856);
insert into Commission (EmpId, CommDate, CommAmount) values (34, '2015-10-29', 3848);
insert into Commission (EmpId, CommDate, CommAmount) values (17, '2005-12-18', 4411);
insert into Commission (EmpId, CommDate, CommAmount) values (13, '2013-06-23', 4685);
insert into Commission (EmpId, CommDate, CommAmount) values (23, '2006-08-27', 4906);
insert into Commission (EmpId, CommDate, CommAmount) values (20, '2010-02-09', 4588);
insert into Commission (EmpId, CommDate, CommAmount) values (18, '2014-08-11', 804);
insert into Commission (EmpId, CommDate, CommAmount) values (47, '2006-05-27', 2040);
insert into Commission (EmpId, CommDate, CommAmount) values (12, '2004-02-18', 4666);
insert into Commission (EmpId, CommDate, CommAmount) values (13, '2008-06-25', 268);
insert into Commission (EmpId, CommDate, CommAmount) values (16, '2014-07-19', 4493);
insert into Commission (EmpId, CommDate, CommAmount) values (39, '2000-01-04', 4061);
insert into Commission (EmpId, CommDate, CommAmount) values (34, '2015-01-28', 3835);
insert into Commission (EmpId, CommDate, CommAmount) values (24, '2001-10-09', 1292);
insert into Commission (EmpId, CommDate, CommAmount) values (40, '2009-05-25', 3790);
insert into Commission (EmpId, CommDate, CommAmount) values (44, '2004-10-11', 4232);
insert into Commission (EmpId, CommDate, CommAmount) values (7, '2013-03-26', 1156);
insert into Commission (EmpId, CommDate, CommAmount) values (40, '2006-07-29', 2844);
insert into Commission (EmpId, CommDate, CommAmount) values (23, '2005-03-29', 2775);
insert into Commission (EmpId, CommDate, CommAmount) values (24, '2004-06-10', 1992);
insert into Commission (EmpId, CommDate, CommAmount) values (9, '2005-07-02', 4018);
insert into Commission (EmpId, CommDate, CommAmount) values (24, '2013-02-18', 1906);
insert into Commission (EmpId, CommDate, CommAmount) values (21, '2011-03-26', 640);
insert into Commission (EmpId, CommDate, CommAmount) values (14, '2001-09-21', 892);
insert into Commission (EmpId, CommDate, CommAmount) values (17, '2015-05-19', 959);
insert into Commission (EmpId, CommDate, CommAmount) values (11, '2003-08-16', 3665);
insert into Commission (EmpId, CommDate, CommAmount) values (26, '2005-01-10', 3804);
insert into Commission (EmpId, CommDate, CommAmount) values (1, '2012-04-15', 3225);
insert into Commission (EmpId, CommDate, CommAmount) values (45, '2014-08-12', 2833);
insert into Commission (EmpId, CommDate, CommAmount) values (45, '2007-08-19', 3699);
insert into Commission (EmpId, CommDate, CommAmount) values (48, '2008-05-21', 831);
insert into Commission (EmpId, CommDate, CommAmount) values (1, '2005-09-28', 905);
insert into Commission (EmpId, CommDate, CommAmount) values (9, '2001-06-05', 291);
insert into Commission (EmpId, CommDate, CommAmount) values (15, '2004-03-02', 2093);
insert into Commission (EmpId, CommDate, CommAmount) values (2, '2001-06-03', 4219);
insert into Commission (EmpId, CommDate, CommAmount) values (7, '2012-07-14', 545);
insert into Commission (EmpId, CommDate, CommAmount) values (39, '2004-04-13', 975);
insert into Commission (EmpId, CommDate, CommAmount) values (47, '2012-01-17', 3485);
insert into Commission (EmpId, CommDate, CommAmount) values (55, '2015-06-21', 2000);
insert into Commission (EmpId, CommDate, CommAmount) values (58, '2012-01-17', 3000);
insert into Commission (EmpId, CommDate, CommAmount) values (49, '2015-06-21', 2760);
insert into Commission (EmpId, CommDate, CommAmount) values (60, '2015-08-23', 260);
insert into Commission (EmpId, CommDate, CommAmount) values (60, '2015-08-22', 2260);
insert into Commission (EmpId, CommDate, CommAmount) values (40, '2015-08-07', 2520);
insert into Commission (EmpId, CommDate, CommAmount) values (10, '2015-08-12', 2520);
